,Target,Change
0,0,-0.9849402097759409
1,0,2.3659371006965793
2,0,1.487148513522588
3,0,-0.28037506777935073
4,0,2.3063354597419115
5,0,4.017371013741251
6,0,2.035169929834624
7,1,4.982167285518854
8,1,8.611883515026001
9,0,2.1166968388803777
10,-1,-15.870301796934822
11,1,5.077306733167085
12,0,0.4912663755458499
13,0,2.5529603476371543
14,1,5.2355840088430385
15,-1,-5.550631872640737
16,0,-2.5509140196010267
17,0,-0.9427009034712391
18,0,3.3158520047523607
19,0,-2.9353002671622703
20,0,-2.5118772662542046
21,0,3.1130315231267818
22,0,3.68571428571429
23,0,-0.0872600349040129
24,0,-0.7228223396920337
25,0,-2.120591265293831
26,0,-2.785037666008357
27,0,-3.0375650819911337
28,1,7.093479870023958
29,0,3.7101252328346623
30,-1,-12.864856316645579
31,1,5.330636902215482
32,0,1.6602872580029797
33,0,-0.8438256658595674
34,0,1.329621625581479
35,0,0.32051282051283037
36,0,-0.8659828484950439
37,0,-0.18658298702399695
38,0,0.5013170192879594
39,0,-1.938499444417613
40,0,-3.739330713995395
41,-1,-8.847802443861555
42,-1,-5.401459854014601
43,0,1.3325023741690436
44,0,-0.2738321862644611
45,0,-1.300970588667168
46,0,-3.0423851109094326
47,-1,-7.131897133738417
48,1,9.376445707487939
49,0,-1.672230698348925
50,-1,-5.267928470472557
51,0,1.5633361983685496
52,0,0.052692927970370756
53,0,-0.5697414618576524
54,-1,-10.73624063046723
55,0,3.2401913187326903
56,1,5.4444754075519
57,0,0.06606983581647302
58,-1,-9.821399095440889
59,0,-1.3929565090057134
60,1,8.163947207217245
61,0,-0.6727419382519131
62,-1,-5.0987438879002
63,0,2.976732330772316
64,0,-1.0289775640459062
65,1,19.28758998910306
66,0,-0.14675931472385562
67,0,-0.19046762050451152
68,0,-0.24793015882555894
69,-1,-5.228512035670177
70,0,-1.859651911308898
71,0,3.1597700218641167
72,0,-1.4396508414971225
73,0,1.006706064129733
74,0,-0.3169797038368723
75,0,0.955545008701149
76,0,-1.463628670824589
77,0,1.164122137404588
78,0,-0.7875872476891138
79,0,-1.3848615930661863
80,0,-1.2114979835146236
81,0,-0.8034741310606272
82,0,-3.462919542868387
83,0,-2.9349321466786646
84,0,-1.128628672417723
85,0,-0.6672094011043435
86,0,3.944625581271044
87,0,0.08741708232632128
88,0,-0.5291820797369363
89,-1,-18.86782707504778
90,1,5.1841948900772445
91,0,-0.9078620856618314
92,-1,-6.291100840849408
93,0,-0.7104525604536428
94,1,4.678336980306344
95,-1,-8.620761737530835
96,0,1.7339982614265548
97,0,0.6318582478862982
98,0,3.21319241168191
99,0,-0.30525427031240393
100,0,-2.4060803474484223
101,0,0.8166080726269324
102,0,-2.286521441656174
103,-1,-17.516319201319092
104,1,15.271920696642747
105,0,0.04038484380568142
106,0,-1.6764817629179336
107,1,10.80278220547747
108,1,12.380391900433752
109,0,2.2886401986074114
110,-1,-5.959536585828326
111,0,-3.2905879506411795
112,1,4.570094237344679
113,0,-0.6758912193954834
114,0,-0.4817632535078455
115,0,-1.5833955261512327
116,0,0.6927365141826519
117,0,1.8644412782413937
118,-1,-7.794828757543058
119,0,-0.6176183768555567
120,-1,-4.843000436109907
121,0,0.89369600586632
122,0,1.571691385223366
123,0,0.0961516960711985
124,0,2.2607452417120912
125,0,-1.830653617616217
126,0,-2.5857848591392596
127,0,-0.31067251461988615
128,0,-0.669110907424372
129,0,-1.0427240011073264
130,0,2.2985826184259635
131,0,0.30764322501253877
132,0,2.1105481972874034
133,0,1.105771370088557
134,0,-3.4196685958233433
135,0,0.5855681378021812
136,0,-0.17895166039957497
137,0,0.7488596909251847
138,0,0.7387886568912252
139,0,0.1811067635550592
140,0,0.18747489175556287
141,0,-0.5881042548451741
142,0,-0.01792676914802673
143,1,8.861894302747775
144,0,1.2455735814872673
145,1,6.671818126359897
146,0,-0.8311411033588801
147,0,0.9457537195801696
148,1,8.845260311535979
149,0,2.069665319547215
150,0,-2.087689828939692
151,0,1.0188362159512527
152,0,-1.5388347832114506
153,1,8.298426554964992
154,0,1.3569954333446943
155,0,1.0502180605438796
156,1,4.822049093188198
157,0,1.0580969392388981
158,0,-3.894489297643834
159,0,2.7508922865915397
160,0,-0.843369838910285
161,0,0.19427872112589595
162,0,0.17863413591461577
163,0,-1.0637973603194468
164,0,0.614640458438599
165,0,-3.081987292352445
166,-1,-7.277811127610493
167,0,2.2506175994547952
168,0,-3.7989869368168416
169,0,2.698489677151178
170,0,-0.1264883462070361
171,0,3.152704368530363
172,0,-0.47474052974494596
173,0,-1.626751759984207
174,0,-0.6554416707074543
175,0,0.1413784397879377
176,0,1.2235499756298378
177,0,-1.3764590632108462
178,0,-1.9562948247415743
179,0,-2.7508757469606397
180,0,2.613271179856615
181,0,2.773858278555943
182,0,-0.11887620131936451
183,0,1.0342804458972548
184,1,6.152110432705058
185,0,0.15786183182244312
186,0,1.5714486353209298
187,0,-0.878810226155363
188,0,-2.2428544857089583
189,0,0.12208850623919544
190,0,0.6888797390175005
191,0,-1.8433179723502169
192,0,0.1169703087695714
193,0,-0.04961428891521704
194,0,-1.240972922771453
195,0,2.470977365587913
196,0,0.27056962025317033
197,0,-1.1377443941235006
198,0,-1.146049481245004
199,0,0.36653103403732834
200,0,-0.7706044177029999
201,0,1.0197795071336053
202,0,0.9131907108122327
203,0,-0.04294029708323767
204,0,-0.7334807719845371
205,0,-0.27087674306778986
206,0,-0.1060735121582877
207,0,-0.3443005389751406
208,0,-2.8543291196461067
209,0,-0.10635999534674793
210,0,-0.8784042323113155
211,0,-0.3289639314546454
212,0,-1.374084364738565
213,0,-0.16390923526098045
214,0,-2.9825731534212463
215,0,3.34044315958329
216,0,1.4806222707423495
217,0,-0.9396221340684324
218,0,-0.45136001900464623
219,0,0.35965704740314214
220,0,-0.5672747036244299
221,0,-0.13494124077618153
222,0,0.7217993671427397
223,0,0.6300202081953633
224,0,-0.541699011103992
225,0,0.28674686529683235
226,0,-2.4853652759449028
227,0,-1.1676527230771931
228,0,-4.034126816937016
229,-1,-7.443383455895793
230,0,-1.770855979603541
231,1,4.567312528922969
232,-1,-5.370302668796064
233,-1,-6.169174461163081
234,1,5.155376413990384
235,1,5.508500772797531
236,0,1.027383882182896
237,0,-0.6186683164488527
238,0,-3.106762119679397
239,0,2.051920412793388
240,0,-1.1391134981998505
241,0,1.804975124378108
242,0,-0.08210020134097307
243,0,-0.6534285434803825
244,0,0.13981607294066276
245,0,-0.8396916542122203
246,-1,-5.25334655428855
247,0,-0.6028131279303407
248,0,0.536977762803237
249,0,0.03351276626939408
250,0,2.5272723465734312
251,0,-1.290691500224656
252,0,0.30827161004675985
253,0,-0.5259575521316774
254,0,-1.5924359293356454
255,0,0.13906447534765448
256,0,0.8626856878340324
257,0,0.08135847797062465
258,0,-0.4168837936425221
259,0,0.2616431187859759
260,0,-0.2317327766179569
261,0,-0.5273180020506774
262,0,-1.9584744514799004
263,0,-1.8731493799081702
264,-1,-7.191743380053787
265,-1,-6.983319197059652
266,0,3.5714285714285627
267,0,-2.4651504035216396
268,0,0.8349631412667329
269,1,8.365037921173704
270,0,-2.8890061726978664
271,0,-2.748109640831757
272,0,-1.7348203221809138
273,0,-1.2140543480948558
274,-1,-5.591710052062469
275,0,-0.45336444138076765
276,0,3.0548379364529707
277,0,-0.8580141624024379
278,0,-2.2287680517178488
279,0,-4.148558935665343
280,-1,-8.522711468387524
281,0,-2.5420378873111
282,0,2.9858662756232235
283,0,1.8510664081434844
284,1,4.982301674648264
285,0,3.4255114183713875
286,0,-0.9506067994411338
287,0,0.20466865803739606
288,0,4.485233232128071
289,0,3.133007528728045
290,0,2.679234650751768
291,0,-1.5216903235462926
292,0,-3.092940193023781
293,0,0.3136762860727699
294,0,2.0012507817385883
295,0,-0.48283261802574756
296,0,-1.7199332563213936
297,0,0.9481520177615242
298,0,-0.8590353963982593
299,-1,-6.456832654765635
300,0,-0.019530160147311303
301,0,-3.091949211664585
302,0,2.139545598525645
303,0,-0.48209754722299963
304,0,1.3116518881554704
305,-1,-6.160170012862824
306,0,2.8963914300187814
307,0,-2.0242680489994522
308,0,-3.715417356349017
309,0,0.042977743668453215
310,0,0.5093743287612461
311,0,0.8975728896351695
312,0,2.7232291446034678
313,0,2.886682965624911
314,0,-1.966847032551749
315,0,0.8965597803866576
316,1,5.1434194911574815
317,0,1.0075428068050503
318,0,0.2098550092663201
319,1,15.194865239739999
320,0,-0.6657852488431375
321,-1,-5.4475448020155
322,-1,-5.452214569403247
323,0,3.1239199213038042
324,0,-0.12117149633906632
325,0,-3.151699749619276
326,0,1.4285714285714322
327,-1,-5.97014925373135
328,0,-1.953386988598243
329,0,0.5899957246686598
330,0,4.151082398277223
331,0,2.5382920260086475
332,0,-0.41124966834702964
333,0,-1.8595977088051199
334,0,0.35290604555202953
335,0,1.8340682230097038
336,0,-0.2550139460751706
337,0,0.6817758129377619
338,0,0.31741833090860694
339,0,0.5431773236651292
340,0,-1.6521989981904517
341,0,-1.442628196581416
342,0,1.9615800865800863
343,0,-0.5466365928088105
344,0,0.082712985938793
345,0,-3.5163956278325768
346,0,-2.6774612472714203
347,0,-1.6608937595820858
348,0,1.1952536305107215
349,0,0.5791560868448916
350,0,-1.4636636977364341
351,0,1.2234440670159479
352,0,-1.785968205215702
353,-1,-5.2960764441870625
354,0,-2.2258912737724055
355,0,-2.6205516292451048
356,0,2.068079640333975
357,0,3.8132393657186023
358,0,-2.763971390471574
359,0,3.444084278768237
360,0,0.8074964596703748
361,0,-3.5986490121648744
362,0,-1.0913713453012068
363,0,2.793015892918725
364,0,-3.677726274701147
365,0,0.43690242512505395
366,0,-1.4405497415206132
367,0,-0.6172642082707028
368,0,3.041127630816756
369,0,-1.8551485055748143
370,0,0.24821002386633978
371,-1,-10.776751420499632
372,-1,-6.008965419097762
373,0,3.891138953026242
374,0,4.270047728349171
375,0,2.8477584821272504
376,0,-3.7337772643881064
377,0,2.491618140109406
378,-1,-5.375159257601327
379,0,-3.326055312954871
380,0,0.8055409169615245
381,-1,-15.660941000746826
382,-1,-21.14584255733641
383,1,17.821448624368337
384,0,-0.8292032024399586
385,0,-4.247957712638156
386,1,5.560574124259768
387,0,2.1489017780735997
388,0,-1.6522386670390072
389,1,7.37778619090436
390,0,2.869105332745699
391,0,-0.22706824900389921
392,1,6.428203366540708
393,0,2.3683679644946563
394,1,7.784171527668307
395,0,-3.653051523018981
396,-1,-11.222863215424328
397,0,-0.1710059424565028
398,0,-3.0319900646653184
399,0,-3.96148920196087
400,0,4.373218063092059
401,1,4.961008062739565
402,-1,-4.600596062628544
403,0,-0.18480221762661853
404,0,-4.29358607009036
405,0,2.3766754179908784
406,0,2.4654699239663427
407,0,-1.9055982436882561
408,0,-1.4771048744460782
409,0,-0.12266593975739867
410,0,-0.2956695778748206
411,0,1.1724987453807167
412,1,6.1643217893217965
413,1,9.297880474026243
414,-1,-8.743976371832737
415,0,-0.41734094199812183
416,0,4.178070475538834
417,0,-2.988383071302492
418,0,1.6713916980493329
419,0,1.4566339270850674
420,0,0.3076544425301502
421,0,-3.496503496503501
422,0,1.2331553521484857
423,0,-0.06279040562601083
424,0,-0.5319594537991162
425,0,-0.4379500568492829
426,1,7.359472148204545
427,0,0.16940471969427504
428,0,2.336191300243844
429,1,5.94542659492699
430,0,2.187397975840669
431,0,-3.056443024494148
432,0,1.1314951115017144
433,0,-1.2528061409225792
434,0,1.2980346142563668
435,0,-0.6913776876855021
436,1,5.562238017131397
437,0,0.74237768032871
438,0,1.5834932821497136
439,0,-0.6849315068493058
440,0,-3.0609818243587728
441,0,-1.2125884909231022
442,0,1.599971619128704
443,0,1.4665316526414989
444,0,-1.7516087958979922
445,-1,-10.227670753064794
446,0,1.8064767850175558
447,0,0.3142605296439632
448,0,-0.6609360076408857
449,0,3.0536112606722554
450,0,-0.4552918346021684
451,-1,-7.929069505885883
452,0,0.2483814487560508
453,0,0.9463850528026045
454,0,-0.6035488673399589
455,0,2.335748694490552
456,0,-3.9912974683544316
457,0,1.9859091096370125
458,0,-1.3372116511129972
459,0,1.2488739660961474
460,0,2.317304970275403
461,0,0.5217391304347798
462,0,-0.2437873545139999
463,0,2.719747733543569
464,0,-1.9608595548733743
465,0,-0.9041449763200133
466,0,-3.2230033967927945
467,0,-0.5468941310913409
468,0,-3.122948128693374
469,0,0.20332952090482406
470,0,-0.16909744240118607
471,-1,-4.895193732796952
472,0,-2.4177389910503613
473,0,2.1308632962219454
474,0,2.117678595362543
475,0,-2.489390558690991
476,0,0.215362526920324
477,0,-0.3402578796561691
478,0,0.9119496855345917
479,1,4.736678092863827
480,0,-0.46329748799252063
481,0,0.9736100435562393
482,0,-2.1948743973610747
483,0,-2.11008777619234
484,0,-3.074340739431945
485,0,4.493460329034309
486,0,-1.5002834837978096
487,0,-0.017710870046487512
488,1,4.5790709003144245
489,0,-1.7234808384501348
490,0,1.2280248190279188
491,0,2.3113267781892506
492,0,-0.5574970877017821
493,0,-1.2132875909965717
494,0,-2.685075385397257
495,0,3.285751588475939
496,0,2.7514431382463242
497,0,-0.8324448454031006
498,0,-0.6326758466691481
499,0,0.7740324594257116
500,0,-0.43359762140732694
501,0,-1.9617601924432908
502,0,0.23267619934005052
503,0,0.2827839446249894
504,0,-0.6102693602693555
505,0,0.2752487825534642
506,0,-1.5498310810810878
507,0,-0.5061553639600253
508,0,0.8924337141625444
509,0,0.5640543543286869
510,0,2.1288348771989423
511,0,-0.615768670688575
512,0,0.8707665257252831
513,0,-1.5936916372691328
514,0,0.004217451815609171
515,0,0.0674763832658555
516,0,0.05478759271746269
517,0,-0.1305757971441819
518,0,-1.5858287642344964
519,0,-1.3499614296734403
520,0,-3.153916329988267
521,0,1.2873996321715355
522,0,0.031000885739589534
523,0,-0.6862354451675793
524,0,0.28084878744650293
525,0,0.297843965325635
526,0,-1.2144313447389457
527,0,2.517049533381198
528,0,0.24508731235502748
529,0,-0.10914647456887142
530,0,0.3977272727272712
531,0,0.11753950633406546
532,0,1.0522654143838663
533,0,0.49053356282271354
534,0,1.404470326282436
535,1,5.945443796976612
536,0,-0.6456755679553625
537,0,-0.10831193838254582
538,0,-1.766997309344997
539,0,0.2452884182985137
540,0,-0.5179234125851352
541,0,1.2503074526522961
542,0,-1.089112919551398
543,0,-1.551371264838322
544,0,0.9521433620223776
545,0,0.3253706754530445
546,0,3.03789153906154
547,0,-0.7888760508386861
548,0,3.232801895506209
549,0,2.337975569905855
550,0,-1.691564982704219
551,0,-1.241203309875496
552,0,0.3641204338122933
553,0,1.7749863462588795
554,0,4.2240024531411855
555,0,-1.0591739913942304
556,0,-1.0482102367765653
557,0,1.720446264227505
558,0,-0.5760921747479605
559,1,5.816588047394409
560,0,2.8888342869177643
561,1,6.0555403930131
562,-1,-6.053977546884547
563,0,-1.5716486902927689
564,0,-0.5670354136227634
565,0,-2.707903299163842
566,0,0.49624222374053445
567,0,-1.6352381293162233
568,0,-0.4692615496544066
569,0,1.9626475640510233
570,0,-1.1291131980787275
571,0,0.5039335822789556
572,0,-0.42204747132242104
573,0,4.430356819416758
574,0,0.14569168863605383
575,0,1.3820574991340524
576,0,0.31774232122723933
577,0,0.2758667665690356
578,0,-1.6438542268111374
579,0,-0.6457405297144059
580,0,-1.0670095926595473
581,0,-1.0714913051115245
582,0,0.3586647727272695
583,0,-0.4883054385902818
584,0,1.4187675568040425
585,0,-1.1710258747633517
586,0,-1.1707109408258876
587,0,0.3589633139493144
588,-1,-6.645682809929173
589,0,1.5632183908045918
590,0,-0.2301192092952908
591,0,2.2384391424357992
592,0,-1.4830430119457048
593,0,-0.863428185299201
594,0,0.6058770069675942
595,0,-1.5545016561276706
596,0,-1.162301663161927
597,0,-0.2050210823565714
598,-1,-18.179703853011862
599,1,7.390562819783965
600,0,3.8247750132345097
601,0,-1.1812194603781605
602,0,-0.937352195038056
603,0,-0.9635834888667039
604,-1,-7.744225796555194
605,1,5.277909738717346
606,0,1.9042461982762504
607,0,-0.4693796218394377
608,0,2.949681897050316
609,0,-0.700086430423511
610,0,-0.44390286360867365
611,0,0.568281168036375
612,0,-0.8432582804485775
613,0,0.508504295984568
614,0,-0.9159106769016024
615,0,1.373360331015056
616,0,2.049500651324359
617,0,2.0508892860182084
618,0,0.004169446297527896
619,0,1.5676464456952341
620,0,-2.2330774598744
621,0,0.13015913003317053
622,0,0.6834954713183596
623,0,-2.0324018158344193
624,0,-2.0065467839986395
625,0,0.056396685610166794
626,0,-0.1474158862296111
627,0,-0.5254016500217142
628,0,0.3142869614561958
629,0,1.3750489534833108
630,0,-0.6352749281023264
631,0,-0.12095554883580333
632,0,-1.7819298473249447
633,0,1.554449777621208
634,0,-0.1474286705402842
635,0,1.8455792947715826
636,0,0.2600946573998999
637,0,-0.34022284596409924
638,0,-0.6742340189468348
639,0,2.741020793950849
640,0,-1.024504474366475
641,0,-0.26617094089314947
642,0,0.6311954587816695
643,0,-0.10945064197011968
644,0,0.6068523747313405
645,0,-0.1968751309010174
646,0,0.8897842692856563
647,0,2.3629253681670717
648,0,-1.2557912704218497
649,0,-0.27575420833847286
650,0,0.6727197688815499
651,0,0.4140532119870417
652,0,0.8614354535804742
653,0,-0.7043108682452981
654,0,1.712119359178178
655,0,0.9939481383511756
656,0,0.9246398666613691
657,0,3.36190625983014
658,0,2.9558336820481537
659,0,-3.325450783328407
660,0,0.6879682005809553
661,0,2.285150318858177
662,0,-1.183849179841163
663,0,2.9105794869868933
664,0,0.9050434274870515
665,0,1.8625678119348923
666,0,0.7207527072607952
667,0,0.5710659898477174
668,0,2.975814931650897
669,0,3.6863065454916724
670,0,3.0332873744337236
671,1,4.50837953227553
672,0,-4.219383555379402
673,0,3.5840468536142827
674,1,10.988538241710964
675,1,11.691907306403838
676,0,2.0177482524416206
677,-1,-6.125473806978322
678,0,-3.0749320564255194
679,0,3.2071995086388734
680,0,-3.3921548333678357
681,0,1.8453544741141459
682,-1,-11.423762688686688
683,-1,-7.642064010450689
684,1,8.701941622733699
685,0,-0.41401744787815387
686,0,-1.1403118040089013
687,0,-3.8268601123426773
688,0,3.304494487303615
689,0,1.3121693121693045
690,0,-0.1492136440956161
691,0,-2.522490211901132
692,0,-1.2662885175532717
693,0,1.5247500155269937
694,0,-0.731043342611564
695,0,-0.45911135761385624
696,0,-0.9286488159727596
697,0,2.5496016247461237
698,1,7.45559245604949
699,0,1.5197913122377265
700,0,-0.1843369455926782
701,0,3.8922155688622824
702,0,1.624067440545119
703,0,-3.9303508957913666
704,0,-0.9103699412397614
705,0,0.5178317881900982
706,0,0.5899459908599903
707,1,7.095655047084086
708,0,-0.04370741740584032
709,0,1.7387725706054962
710,1,5.061435000252814
711,0,0.48127827509866206
712,0,-0.4981320049813162
713,1,8.775392317319723
714,0,-3.748285170597866
715,0,-0.28735632183908044
716,0,2.4046109510086473
717,1,4.759331802422438
718,0,-2.232872002063093
719,0,0.2527861429230821
720,0,1.6532187335555213
721,0,-0.2804020534058089
722,0,-4.245976812597334
723,0,-0.9148614154374419
724,0,-0.4719131862119262
725,0,1.3354101289598426
726,0,2.845840867992774
727,0,0.14505813314577642
728,-1,-8.423131789750906
729,0,1.3300740527715895
730,0,-0.12771392081737393
731,0,2.533863787060729
732,0,-1.468890018014692
733,0,0.9258825184004473
734,0,0.8732610260817034
735,0,-0.20491331476066274
736,0,-0.7913436692506475
737,0,0.7162624125020312
738,0,-0.26091574499526554
739,0,-0.6597833132697393
740,1,6.744191466057653
741,0,-1.052286868245823
742,0,-1.2399885267965502
743,0,0.08489533299077219
744,0,0.09821647804638446
745,0,-2.8410231251254396
746,0,-0.7620096857857636
747,0,-0.4764437865716868
748,-1,-15.33313192814483
749,1,6.370598084154485
750,0,-1.3521184909944801
751,0,1.2738686895108564
752,0,-1.813157011132071
753,1,10.543206628962263
754,0,-2.372510291982968
755,-1,-6.768878272315113
756,0,1.3072237182671442
757,0,3.99494180494981
758,0,-2.7892895252748366
759,0,0.10721670538379982
760,0,0.719112584470241
761,0,-3.716737980099756
762,0,-0.21562491782586793
763,0,-0.3215010409255085
764,0,-2.506278916060811
765,0,1.163326734821168
766,0,0.3725942207687735
767,0,-1.2017625851248497
768,1,5.308825516961748
769,0,-0.7803075027593018
770,0,-2.5947484154701925
771,0,0.026559014129401558
772,0,-0.8416972014231894
773,0,0.6908555362163566
774,0,1.4945616041273317
775,0,-0.5240403511070353
776,0,1.2142763071249871
777,0,1.9778275126216684
778,0,3.922319195631094
779,0,-1.728752793261798
780,0,1.824133536570132
781,0,2.166924341701633
782,0,1.4532090699461981
783,0,-0.374079598456326
784,0,3.890301575607786
785,0,0.3751486869795924
786,0,-0.23928896991796067
787,0,-3.8857795545402607
788,0,1.0006179588344297
789,0,-0.09648193905164565
790,0,1.7925283836623067
791,0,0.08561841953025676
792,0,0.22657911772866415
793,0,0.9688581314878866
794,0,-0.5894448252227517
795,0,-2.557915057915057
796,0,-0.5518998089577659
797,0,-2.5400213447171778
798,0,-2.523482746873024
799,0,1.782459994507823
800,0,1.6212503985676128
801,0,-0.08447576752267955
802,0,0.21499142449935654
803,0,0.5471725401340167
804,0,1.0931843789705853
805,0,-2.388010149635987
806,0,0.5927797483115489
807,0,0.5747959232961395
808,0,0.09365094611468311
809,0,0.04318307223568525
810,0,0.8656866741804785
811,0,-2.63182920450763
812,0,0.21731168355511812
813,0,0.8064516129032263
814,0,-0.10634441087613238
815,0,1.1565169001475823
816,0,-0.011959147551951621
817,0,-0.39469907185916037
818,0,0.18972597804942973
819,0,0.18217555971043456
820,0,2.110350768052829
821,0,-0.5928390664542068
822,0,-1.8174103670178996
823,0,-0.40814366657063017
824,0,0.46044067306302133
825,0,0.295155136419255
826,0,0.6962388745334542
827,0,0.007128091809816028
828,0,0.12829650748396781
829,0,0.6145596051632438
830,0,-0.14621606961770342
831,0,-0.15587728206703313
832,0,-0.5677114133648675
833,0,-0.22362317116688418
834,0,0.5126248778045295
835,0,0.21823702438561912
836,0,0.6414504828630893
837,0,-0.34337590253768424
838,0,0.1297996365610069
839,0,1.2798152163665522
840,0,0.20013497475041628
841,0,-0.7362333650742077
842,0,0.27842770238652265
843,0,1.6145967008096354
844,0,1.3501412137493962
845,0,1.8215183851016157
846,0,-0.821039983979707
847,0,1.018530982186917
848,0,1.8388558230434462
849,0,0.6258722958827645
850,0,1.0099039941052745
851,-1,-4.591387929369859
852,0,0.9714632665452323
853,0,1.356317231242073
854,0,-1.489782465392228
855,0,0.7940756602426843
856,0,-1.595556342391781
857,0,1.266107450468886
858,0,-0.7950255385298653
859,0,0.2820558739254994
860,0,2.5938657975802504
861,0,-0.23063533507397785
862,0,0.0021808348235684795
863,0,0.4208919419910602
864,0,-2.082609451007651
865,0,0.40808179378563103
866,0,0.45059969518255105
867,0,0.19790223629527764
868,0,0.0
869,0,0.41696842012859686
870,0,-0.7452411652861788
871,0,-0.08367095296812847
872,0,0.18511172815021198
873,0,-3.499626061325948
874,0,0.9049258052016201
875,0,0.11520737327188735
876,0,-0.8732146483449548
877,0,1.099426386233266
878,0,0.4120229652144638
879,0,0.8116955917305718
880,0,0.840747330960848
881,0,4.428955842780886
882,1,11.950323152959065
883,0,-0.7188136744396546
884,0,1.4499363396233578
885,0,-0.4626681152362093
886,0,1.040666930126644
887,0,0.1955598599419035
888,1,5.803297581649539
889,0,0.6219364359879764
890,0,0.3928552721177518
891,0,1.8365856203693947
892,0,-1.526795778255959
893,0,0.8740894901144578
894,0,-1.205212846434219
895,0,0.49423107042793313
896,1,5.0669298838034855
897,1,10.886226163202736
898,1,4.696929159606412
899,0,-2.671853261023886
900,0,1.2996674251706755
901,1,10.344579319481031
902,0,-2.2706215500254436
903,0,0.9774205178192373
904,0,0.9983735107044093
905,0,-3.4761318704338886
906,-1,-9.573674429960805
907,-1,-10.57976449411235
908,1,4.673555659934244
909,1,6.62200711561267
910,0,-0.027055463700578684
911,-1,-5.374969930238152
912,0,4.115226337448556
913,0,-1.2620751751186507
914,0,-1.098918083462135
915,1,5.227460969854201
916,0,0.4395996079246625
917,0,4.051456454236299
918,-1,-6.40045473923548
919,0,3.795584975556433
920,0,-1.9059181464470605
921,0,0.9990605848232328
922,-1,-5.428668448171511
923,0,4.052703884101418
924,0,-2.3345135929904495
925,0,-0.24579083200196983
926,0,-0.2617962301342931
927,0,2.6078497977333766
928,0,-1.516815890452175
929,0,0.5515913640044637
930,0,0.7856187697544309
931,0,-0.37391632114587536
932,0,2.828518243867012
933,0,-0.9345656845141763
934,0,-0.03714103192643104
935,0,-1.0670867639627952
936,0,-0.10064896046147685
937,0,-2.163877234928796
938,0,0.7592757677292338
939,0,0.8725364573799542
940,0,-1.0857730462133968
941,0,-0.3546858278550757
942,0,0.39430482678205075
943,0,0.10391992053181782
944,0,0.29922293635406566
945,0,-0.2952860774136676
946,-1,-4.6362873063124965
947,0,-2.9471089197669156
948,-1,-9.698649116730163
949,0,3.4504173744680044
950,0,2.1064340702026887
951,0,-0.5620017638209203
952,0,2.2154980523094063
953,0,0.8353465582360886
954,0,-0.27670451669508506
955,0,-0.549868877421538
956,0,0.7315413405920498
957,0,-0.5032933626076707
958,0,-0.2648017381857786
959,0,-0.3352849070733055
960,0,-2.5820113048378563
961,0,-0.5661998001647797
962,0,1.7981806642691005
963,0,-0.7308118592407916
964,0,0.19189839852064175
965,0,0.2280958350745134
966,0,1.0544968121883935
967,0,-0.067044868488929
968,0,0.9358173779910985
969,0,-0.5692373242437208
970,0,-0.5536415214000477
971,0,-0.41711193078009573
972,0,0.32712545001384424
973,0,-1.6734236177003248
974,0,0.6947977892797478
975,0,0.03484866965204396
976,0,0.5904791764644381
977,0,-0.3515151515151468
978,0,-0.550854084487475
979,0,0.5661366416215288
980,0,3.938909545817854
981,0,1.7418632252887714
982,0,-0.3351790085930637
983,0,0.6346955933991695
984,0,0.6716466810824829
985,0,1.916880919061426
986,0,-0.5524332609528733
987,0,0.10435731946183367
988,0,-2.6928196821221735
989,0,0.2505274261603345
990,0,0.1644087860055241
991,0,0.23636005515066982
992,0,-0.578044147507692
993,0,-0.029646710038697188
994,0,-0.1631052605565364
995,0,0.6419353774051926
996,0,-0.10494039713381316
997,0,-0.15101029167967317
998,0,-1.8345909158159441
999,0,-0.14234279494264804
1000,0,1.0967633741405465
1001,0,-0.034835113794711096
1002,0,-0.2986907389276927
1003,0,1.2000066574571713
1004,0,-0.3075455562134078
1005,0,-0.23755712093966064
1006,0,0.15874853240289655
1007,0,0.6686588849081138
1008,0,0.6953783579886524
1009,0,-0.5032737222710889
1010,0,0.20298253368036945
1011,0,-0.31529250322643065
1012,0,0.3785644051130687
1013,0,0.08326394671107262
1014,0,0.6688199406218431
1015,0,0.3224656468758117
1016,0,-0.3811923567702046
1017,0,0.363194162950954
1018,0,3.5671012455774793
1019,0,-0.7612273230692428
1020,0,0.09431144783789576
1021,0,0.5637651345027453
1022,0,-0.2701520971922949
1023,0,0.46660925389493746
1024,0,-0.3802814706294813
1025,0,-0.19243104554201695
1026,0,-1.1662173177001778
1027,0,0.05392374547992638
1028,0,0.31227213644866175
1029,0,3.865177061770131
1030,0,-0.03347076632839593
1031,0,-0.5037515028840244
1032,0,0.5858418991678966
1033,0,3.1493787922565617
1034,0,1.4757481940144468
1035,0,0.19467972279932472
1036,0,3.6003770028275275
1037,0,-1.766319561079387
1038,0,-0.12680591570968375
1039,0,4.111445568283941
1040,0,1.512763945792636
1041,-1,-7.036702077399673
1042,0,2.111224045302739
1043,0,0.02559581366246942
1044,0,1.1515168746979079
1045,0,-1.1791657297054174
1046,0,0.9557265370557403
1047,0,1.8905402549834411
1048,0,-1.0701397818242162
1049,0,0.12298575880815557
1050,0,-1.5856841752627706
1051,0,-0.428338415715195
1052,0,0.4259077247411093
1053,0,0.936143655499138
1054,1,4.578286163963919
1055,0,-0.43267938726149247
1056,0,1.4318875003373928
1057,0,0.003991537939564485
1058,0,-2.739416194353534
1059,0,1.124440857420356
1060,0,1.6367940480216465
1061,0,-0.8997138484062009
1062,0,-0.5774990263097903
1063,0,0.18371178862337917
1064,0,-0.8454122564551988
1065,0,-0.4555467921346818
1066,0,0.5163722798245937
1067,0,-0.02853997635258052
1068,0,1.3716693855356215
1069,0,1.4858721452614259
1070,0,2.797415330946004
1071,0,-0.8728179551122293
1072,0,0.3527199636905955
1073,0,-1.960277565999452
1074,0,0.7275603005140348
1075,0,0.5116327759022229
1076,0,0.3488992748623215
1077,0,0.2568726404691193
1078,0,0.2406863442849951
1079,0,-0.6351255405667022
1080,0,1.3459264937055868
1081,0,0.060249458395815046
1082,0,0.11786409757098401
1083,0,-0.4337922915493661
1084,0,0.876505288591286
1085,0,0.7542265992279463
1086,0,-0.0379348279655638
1087,0,0.2757643606188334
1088,0,1.030641722698081
1089,0,4.170412546199178
1090,0,3.627079637531763
1091,1,6.643995650866364
1092,0,-2.5119850755981656
1093,0,-0.2937184308315458
1094,0,1.2754134214108843
1095,0,2.8194929540221056
1096,1,4.577796828118293
1097,0,-0.2479711451758299
1098,0,-1.2593733949666144
1099,0,0.2600807290582997
1100,0,3.589142299790403
1101,0,2.3459176825298207
1102,0,2.1619770002446703
1103,1,10.623275597792775
1104,-1,-12.240956760454827
1105,-1,-10.971205273441349
1106,0,0.7082686765683868
1107,0,0.28725827931190234
1108,0,-0.918568920105356
1109,0,0.5371996942945968
1110,-1,-14.31341441917856
1111,0,3.480508125900027
1112,0,2.3793844662848023
1113,0,-0.6759872812446965
1114,0,0.41421781258782103
1115,0,1.1839863713799
1116,1,9.189085180330245
1117,0,-2.3481727867480284
1118,0,1.4042092440955591
1119,0,-0.4493532205501326
1120,0,2.989843915846395
1121,0,0.31243558728126747
1122,0,-0.3958168860241998
1123,0,-3.0748851803997717
1124,0,0.9913855873819476
1125,0,1.7802870643565534
1126,0,0.23539925238940793
1127,0,0.20005436259853568
1128,0,-0.22678197463080457
1129,0,0.0957041870581833
1130,1,5.434711749494772
1131,0,1.918796372629844
1132,0,2.303290125578853
1133,0,1.7898794228108448
1134,0,1.2612752570612973
1135,0,-1.4919934797200278
1136,0,1.0522319777289089
1137,0,2.2347444974232835
1138,0,0.16205775663070876
1139,-1,-6.46147478529165
1140,0,-0.5742271566202093
1141,0,1.5960836274995789
1142,0,-0.5246652396834183
1143,0,-0.8547008547008511
1144,0,1.404142776386979
1145,0,0.29167288835797756
1146,0,1.9811807678564375
1147,0,1.8268706688468406
1148,0,0.784737289836652
1149,0,-0.621194590390943
1150,0,3.064311412675249
1151,0,3.2704309339061775
1152,0,0.1918766251232942
1153,0,4.410080183276057
1154,0,0.5965441579813525
1155,0,-2.542430645491117
1156,0,1.867394041124644
1157,0,1.2675935461723293
1158,0,0.0
1159,0,3.6043289236166993
1160,0,2.332106339468302
1161,0,1.9168511842431328
1162,0,-1.556090636004982
1163,0,0.9536708759909014
1164,0,0.45062819622451206
1165,0,-3.8724731503814307
1166,-1,-6.010428755904995
1167,0,3.3469565217391315
1168,-1,-6.0387550589403345
1169,1,5.293180027222571
1170,0,3.8738593163977946
1171,0,0.8629582930783182
1172,0,0.6558867458925844
1173,0,0.7749999999999919
1174,-1,-4.945543009418936
1175,-1,-7.373233092834706
1176,-1,-11.489415849413302
1177,1,6.461152985151256
1178,0,1.6870189247062917
1179,1,6.28989878868937
1180,-1,-6.371927820515097
1181,0,-1.0055855271937186
1182,-1,-9.731462848669826
1183,0,3.7609864322894433
1184,0,-0.6219289047883338
1185,1,8.176016054120588
1186,0,0.13196018244930618
1187,0,-0.685670629804714
1188,0,-1.3019606334798084
1189,0,4.419200529992294
1190,0,0.8126591962977856
1191,0,2.0055529847292988
1192,0,3.778001578703818
1193,0,-0.9232302567734104
1194,0,-0.7474078976395346
1195,1,5.14767332278313
1196,0,-0.48872053302668284
1197,0,-0.0807205370039974
1198,0,1.013648539478706
1199,0,-0.062296379233399424
1200,0,1.5061534962472418
1201,0,-0.3850590451531606
1202,0,-2.5900347392887126
1203,0,-0.14880952380952459
1204,0,0.42653784881032075
1205,0,0.8886842015488071
1206,0,0.927350499602687
1207,0,1.4875493127622677
1208,0,-0.1138923964445855
1209,0,1.5525204703005036
1210,0,-0.5719725323005803
1211,0,0.7904750214803062
1212,0,-1.9891045781880474
1213,0,3.5569619204612333
1214,0,1.227052753669553
1215,0,1.2319338754158404
1216,0,2.8608673931370476
1217,0,-0.0948601003240421
1218,0,0.4033483228001903
1219,0,1.9745950567034203
1220,1,5.468547136635764
1221,0,2.196117051209906
1222,0,2.5653556531435404
1223,0,3.193095719050538
1224,0,1.156294913733114
1225,0,1.5011732939020803
1226,0,1.1344058778819408
1227,1,7.9313087536246325
1228,0,1.8574288449821563
1229,0,1.8098851517637529
1230,0,3.4379144214466675
1231,-1,-6.725739355285433
1232,1,4.678583027884754
1233,0,0.22161769838939335
1234,0,-3.8962690238873146
1235,0,-0.2289422064736583
1236,1,6.03303640923635
1237,0,2.69481102066784
1238,1,5.245016281470889
1239,1,4.880993706325368
1240,0,-2.088040177864758
1241,1,6.476582402508331
1242,1,6.764516425876506
1243,1,5.310245558993622
1244,-1,-5.674321913211433
1245,0,-4.449496307993994
1246,-1,-7.4259223944570145
1247,1,5.73503950717801
1248,1,4.62983579181742
1249,0,-3.552919165990589
1250,1,5.099587675306949
1251,1,5.312695448322928
1252,0,3.3502500124590955
1253,0,1.076932350163739
1254,0,-0.1407358816864438
1255,1,6.967087478750384
1256,1,6.565034371615405
1257,-1,-4.576697401508801
1258,0,2.6887151557741875
1259,0,0.6483415430457459
1260,0,4.38768897340827
1261,0,0.35281625397342653
1262,-1,-10.090226529777459
1263,0,2.157818944740429
1264,-1,-7.752979367100724
1265,0,-1.6673515881533838
1266,0,2.1902311955789635
1267,1,5.45232196175593
1268,0,-4.05101134087384
1269,0,1.6210870819255245
1270,1,5.104649366697562
1271,0,-1.2010478398406952
1272,0,0.6065226283886782
1273,0,1.4600374804558276
1274,-1,-4.9615470088272495
1275,0,-0.7402097580422562
1276,0,-4.2851460371281505
1277,0,2.985737053400311
1278,0,0.8752375168955375
1279,0,-1.3775880751439846
1280,0,-2.302978750216594
1281,0,-1.8659002595894925
1282,0,2.9541393686718127
1283,0,2.2976536722961036
1284,0,1.46564432969587
1285,0,0.013453052689838298
1286,0,0.25249904880495944
1287,0,-3.446345876652256
1288,0,2.0915883842995995
1289,0,-2.057293084539582
1290,-1,-5.792474706564385
1291,0,-1.4655056141888922
1292,0,2.6114407196540403
1293,0,-1.7066582181387693
1294,-1,-5.28266677976165
1295,-1,-10.499073137095124
1296,0,-3.453968762194449
1297,1,15.472427480283132
1298,0,4.059845360593439
1299,0,-1.959997930035201
1300,1,23.936078964384215
1301,-1,-5.318001135718331
1302,1,5.3363121120340535
1303,0,-2.836889527849338
1304,0,0.8958394374450643
1305,-1,-6.475102183051049
1306,0,-1.8253586288269346
1307,1,5.6269149419834505
1308,1,5.136276190404899
1309,0,-2.939113780299835
1310,0,1.1271066771809504
1311,0,4.2855381222843745
1312,-1,-5.463006114059552
1313,0,-0.2792227380750975
1314,0,3.469990814079174
1315,0,3.25022372920031
1316,1,12.328506952957467
1317,0,-1.1980042485036413
1318,1,5.133885511241654
1319,0,1.2133982846691564
1320,0,-2.2652444194927472
1321,0,1.1611173772689178
1322,1,7.965622486159078
1323,1,6.412335438911751
1324,1,4.853644158766039
1325,1,6.183499211933436
1326,0,-3.3108831410847723
1327,1,4.655745074642565
1328,0,-1.0268174371605665
1329,0,-3.9492669142990313
1330,0,0.7950738111146879
1331,0,-2.5285547368672048
1332,0,-2.1019360710039505
1333,0,2.468426234587971
1334,0,1.2437446957946796
1335,0,4.411878059120511
1336,0,0.8517353068738653
1337,0,-0.4391984628053968
1338,0,0.7003032809484532
1339,0,-0.005019530537004313
1340,0,4.480384058996148
1341,0,-0.2996274311970739
1342,0,3.024773837425802
1343,0,4.010298954583819
1344,-1,-6.403094024746469
1345,0,0.09150929179669648
1346,-1,-7.563888840400083
1347,0,3.309956070259243
1348,1,5.040294479873328
1349,0,0.060037588751222906
1350,-1,-8.068253954450988
1351,0,-0.06361217853974814
1352,0,-2.440097868937043
1353,0,0.9296763959698865
1354,0,-0.7319880709494946
1355,-1,-6.0089909727148
1356,-1,-18.74109808143534
1357,1,15.295646523716705
1358,0,-0.3430908970947244
1359,0,-1.1630216494162782
1360,1,13.461796096994588
1361,0,-3.4495227787070752
1362,0,-0.48458969113139677
1363,-1,-7.0382365365660045
1364,0,-0.009363708469202914
1365,0,4.453686616905839
1366,0,-2.8889357662693795
1367,1,6.604413984859511
1368,0,-0.8588741413168958
1369,1,7.921178722365671
1370,0,-0.6175205383903165
1371,0,-0.2792994996083545
1372,0,4.21900184239036
1373,0,1.4988326023172727
1374,0,0.12671047791195503
1375,0,-2.082860849291958
1376,0,-2.041005401298903
1377,0,2.3419619044016162
1378,0,0.9795744857811656
1379,0,1.2830573738048536
1380,0,4.147155226355279
1381,0,3.50375665874271
1382,0,0.2089261989681381
1383,0,0.9303658100497865
1384,1,12.854709850657214
1385,0,3.677314293792264
1386,0,3.268516665751759
1387,0,-2.633839695873829
1388,0,0.8347730526805294
1389,0,-2.0972511129857345
1390,0,-0.26438272342749575
1391,0,2.107611046221501
1392,1,5.306629389053544
1393,0,0.3351936720757978
1394,0,-0.3843093043305307
1395,0,-1.2998425542821634
1396,-1,-6.80705257051895
1397,0,4.055990619978863
1398,0,2.6784099603533376
1399,0,-2.098790312337532
1400,0,-0.4810669618917382
1401,1,6.9659956649383235
1402,0,-0.37894976315640805
1403,1,5.511269009367867
1404,1,4.621080947374943
1405,1,4.598429804457008
1406,0,1.8260930988203745
1407,0,2.3889530173035673
1408,0,0.3720892417970316
1409,-1,-5.192773182529381
1410,0,1.7317977547289083
1411,0,4.413399063319693
1412,0,-4.237575556088788
1413,-1,-7.355415631938042
1414,0,-3.9367556443351144
1415,-1,-6.410123316974969
1416,1,10.242232444324186
1417,0,1.162590384313418
1418,1,10.24435821120446
1419,1,7.602309603939007
1420,0,-2.066900500400801
1421,0,1.0527967995807475
1422,0,3.162198417232019
1423,0,2.042558380586545
1424,0,-1.5776817419128168
1425,0,2.258507345817122
1426,0,-2.602274172931634
1427,0,2.6735433405856877
1428,1,6.5089675042314346
1429,1,6.138492899491739
1430,1,5.227987632025991
1431,0,2.448985827557572
1432,0,-1.69195132620192
1433,0,3.488761312257231
1434,1,7.250625390869294
1435,0,0.9020008017784905
1436,0,2.2447763350369345
1437,0,2.949696198954359
1438,0,2.2260920289606423
1439,1,19.92833586479478
1440,1,25.247174894167866
1441,-1,-7.4319681335441325
1442,-1,-8.396200224510245
1443,0,1.8263035142506945
1444,1,9.584999417679256
1445,0,2.8257994426338047
1446,-1,-5.783387117149194
1447,0,0.9495252373813049
1448,1,6.899903404974653
1449,1,10.111877290773652
1450,0,-1.8289618102926655
1451,0,-0.13897015798711937
1452,-1,-6.997415534000899
1453,-1,-6.480955407921616
1454,-1,-4.942675312488715
1455,-1,-12.473027102620406
1456,1,6.271056550846612
1457,-1,-5.261510830521399
1458,0,0.7238363325625895
1459,1,14.780488500420622
1460,0,-1.623001527969287
1461,-1,-7.7785143795182625
1462,0,0.3402594735220671
1463,-1,-11.62647889630327
1464,1,9.297262241163654
1465,0,-3.5263202509112412
1466,1,9.701110037196493
1467,0,1.461076885082863
1468,0,2.6195645023353773
1469,1,11.733294015077691
1470,0,0.5593964256002754
1471,-1,-5.987333827808532
1472,-1,-7.935014807981735
1473,0,0.0
